leaf_plot,count,total_area,avg_size,perc_area,mean
100_Aug_0001.jpg,10,15931.372,1593.137,44.166,254.139
100_Aug_0001.jpg,10,15875.197,1587.52,44.011,255
100_Aug_0002.jpg,6,15468.021,2578.003,42.882,253.117
100_Aug_0002.jpg,6,15349.559,2558.26,42.553,255
100_Aug_0003.jpg,6,16563.092,2760.515,45.918,253.548
100_Aug_0003.jpg,6,16458.267,2743.045,45.627,255
100_Aug_0004.jpg,6,19317.12,3219.52,53.553,250.563
100_Aug_0004.jpg,6,18899.568,3149.928,52.395,255
100_Aug_0005.jpg,5,15306.388,3061.278,42.434,250.956
100_Aug_0005.jpg,5,15034.727,3006.945,41.681,255
100_Aug_0006.jpg,7,17539.652,2505.665,48.625,250.903
100_Aug_0006.jpg,7,17148.706,2449.815,47.541,255
100_Aug_0007.jpg,7,17539.435,2505.634,48.624,252.872
100_Aug_0007.jpg,7,17373.734,2481.962,48.165,255
100_Aug_0008.jpg,7,18589.609,2655.658,51.536,251.563
100_Aug_0008.jpg,7,18279.458,2611.351,50.676,255
100_Aug_0009.jpg,6,19828.422,3304.737,54.97,250.203
100_Aug_0009.jpg,6,19357.415,3226.236,53.664,255
100_Aug_0010.jpg,7,16880.863,2411.552,46.799,253.603
100_Aug_0010.jpg,7,16767.242,2395.32,46.484,255
100_Aug_0011.jpg,7,12349.089,1764.156,34.235,253.372
100_Aug_0011.jpg,7,12276.846,1753.835,34.035,255
100_Aug_0012.jpg,8,15009.12,1876.14,41.61,252.368
100_Aug_0012.jpg,8,14878.96,1859.87,41.249,255
100_Aug_0013.jpg,7,16564.87,2366.41,45.923,251.43
100_Aug_0013.jpg,7,16188.243,2312.606,44.878,255
100_Aug_0014.jpg,5,17189.192,3437.838,47.653,252.665
100_Aug_0014.jpg,5,17036.195,3407.239,47.229,255
100_Aug_0015.jpg,6,16774.845,2795.808,46.505,252.208
100_Aug_0015.jpg,6,16541.791,2756.965,45.859,255
100_Aug_0016.jpg,6,18247.627,3041.271,50.588,253.557
100_Aug_0016.jpg,6,18109.129,3018.188,50.204,255
100_Aug_0017.jpg,8,13362.003,1670.25,37.043,253.326
100_Aug_0017.jpg,8,13322.804,1665.35,36.935,255
100_Aug_0018.jpg,6,16794.348,2799.058,46.559,254.258
100_Aug_0018.jpg,6,16735.952,2789.325,46.397,255
100_Aug_0019.jpg,7,17508.918,2501.274,48.54,251.809
100_Aug_0019.jpg,7,17292.989,2470.427,47.941,255
100_Aug_0020.jpg,7,20336.27,2905.181,56.378,253.541
100_Aug_0020.jpg,7,20199.305,2885.615,55.998,255
100_Ctl_0001.jpg,8,17726.932,2215.866,49.144,254.12
100_Ctl_0001.jpg,8,17642.115,2205.264,48.909,255
100_Ctl_0002.jpg,6,17983.198,2997.2,49.855,252.753
100_Ctl_0002.jpg,6,17767.212,2961.202,49.256,255
100_Ctl_0003.jpg,8,16978.169,2122.271,47.068,251.022
100_Ctl_0003.jpg,8,16635.59,2079.449,46.119,255
100_Ctl_0004.jpg,6,17435.433,2905.905,48.336,253.851
100_Ctl_0004.jpg,6,17341.472,2890.245,48.075,255
100_Ctl_0005.jpg,7,17135.835,2447.976,47.505,253.049
100_Ctl_0005.jpg,7,16974.887,2424.984,47.059,255
100_Ctl_0006.jpg,5,17605.297,3521.059,48.807,250.665
100_Ctl_0006.jpg,5,17265.125,3453.025,47.864,255
100_Ctl_0007.jpg,8,16693.91,2086.739,46.28,253.618
100_Ctl_0007.jpg,8,16621.005,2077.626,46.078,255
100_Ctl_0008.jpg,7,15992.627,2284.661,44.336,254.104
100_Ctl_0008.jpg,7,15927.889,2275.413,44.157,255
100_Ctl_0009.jpg,7,18335.928,2619.418,50.832,253.095
100_Ctl_0009.jpg,7,18155.07,2593.581,50.331,255
100_Ctl_0013.jpg,7,17211.683,2458.812,47.716,253.142
100_Ctl_0013.jpg,7,17024.347,2432.05,47.196,255
100_Ctl_0014.jpg,6,16240.367,2706.728,45.023,253.752
100_Ctl_0014.jpg,6,16142.206,2690.368,44.751,255
100_Ctl_0015.jpg,9,14242.165,1582.463,39.483,254.529
100_Ctl_0015.jpg,9,14221.46,1580.162,39.426,255
100_Ctl_0016.jpg,8,14852.1,1856.512,41.174,253.088
100_Ctl_0016.jpg,8,14662.023,1832.753,40.647,255
100_Ctl_0017.jpg,7,18249.32,2607.046,50.592,250.928
100_Ctl_0017.jpg,7,17878.075,2554.011,49.563,255
100_Ctl_0018.jpg,8,17787.167,2223.396,49.311,251.696
100_Ctl_0018.jpg,8,17478.446,2184.806,48.455,255
100_Ctl_0019.jpg,9,14352.637,1594.737,39.79,252.585
100_Ctl_0019.jpg,9,14172.993,1574.777,39.292,255
100_Ctl_0020.jpg,5,9182.496,1836.499,25.456,253.617
100_Ctl_0020.jpg,5,9089.899,1817.98,25.2,255
100_Dep_0001.jpg,7,16202.469,2314.638,44.918,253.737
100_Dep_0001.jpg,7,16082.479,2297.497,44.585,255
100_Dep_0002.jpg,7,18321.088,2617.298,50.791,250.546
100_Dep_0002.jpg,7,17929.219,2561.317,49.705,255
100_Dep_0003.jpg,7,17092.12,2441.731,47.384,252.312
100_Dep_0003.jpg,7,16868.007,2409.715,46.763,255
100_Dep_0004.jpg,8,16133.873,2016.734,44.728,253.478
100_Dep_0004.jpg,8,16039.305,2004.913,44.465,255
100_Dep_0005.jpg,8,17465.868,2183.234,48.42,253.918
100_Dep_0005.jpg,8,17419.32,2177.415,48.291,255
100_Dep_0006.jpg,7,18326.228,2618.033,50.805,253.88
100_Dep_0006.jpg,7,18226.697,2603.814,50.53,255
100_Dep_0007.jpg,6,16212.833,2702.139,44.947,253.204
100_Dep_0007.jpg,6,16065.213,2677.536,44.537,255
100_Dep_0008.jpg,7,17193.123,2456.16,47.664,254.546
100_Dep_0008.jpg,7,17156.982,2450.997,47.564,255
100_Dep_0009.jpg,6,17993.332,2998.889,49.883,252.982
100_Dep_0009.jpg,6,17807.424,2967.904,49.367,255
100_Dep_0010.jpg,6,17432.446,2905.408,48.328,252.637
100_Dep_0010.jpg,6,17233.959,2872.327,47.777,255
100_Dep_0011.jpg,6,17656.228,2942.705,48.948,253.643
100_Dep_0011.jpg,6,17539.12,2923.187,48.623,255
100_Dep_0012.jpg,6,17915.57,2985.928,49.667,253.609
100_Dep_0012.jpg,6,17839.46,2973.243,49.456,255
100_Dep_0013.jpg,7,17941.886,2563.127,49.74,254.666
100_Dep_0013.jpg,7,17913.598,2559.085,49.662,255
100_Dep_0014.jpg,7,17515.759,2502.251,48.559,251.59
100_Dep_0014.jpg,7,17288.486,2469.784,47.929,255
100_Dep_0015.jpg,7,17901.464,2557.352,49.628,254.278
100_Dep_0015.jpg,7,17836.819,2548.117,49.449,255
100_Dep_0016.jpg,7,15701.632,2243.09,43.529,253.511
100_Dep_0016.jpg,7,15598.339,2228.334,43.243,255
100_Dep_0017.jpg,7,13183.968,1883.424,36.55,253.543
100_Dep_0017.jpg,7,13102.037,1871.72,36.323,255
100_Dep_0018.jpg,6,18592.778,3098.796,51.544,253.692
100_Dep_0018.jpg,6,18468.672,3078.112,51.2,255
100_Dep_0019.jpg,5,19358.493,3871.699,53.667,248.183
100_Dep_0019.jpg,5,18828.315,3765.663,52.197,255
100_Dep_0020.jpg,9,14334.839,1592.76,39.74,251.561
100_Dep_0020.jpg,9,14234.691,1581.632,39.463,255
100_Dep_0021.jpg,7,14359.385,2051.341,39.808,254.285
100_Dep_0021.jpg,7,14326.357,2046.622,39.717,255
100_Dep_0022.jpg,9,13100.513,1455.613,36.318,253.281
100_Dep_0022.jpg,9,12988.815,1443.202,36.009,255
100_Dep_0023.jpg,8,14848.79,1856.099,41.165,253.89
100_Dep_0023.jpg,8,14780.049,1847.506,40.974,255
100_Dep_0024.jpg,5,3880.627,776.125,10.758,252.422
100_Dep_0024.jpg,5,3839.428,767.886,10.644,255
200_Aug_0001.jpg,7,19638.909,2805.558,54.445,254.242
200_Aug_0001.jpg,7,19564.13,2794.876,54.237,255
200_Aug_0002.jpg,8,16292.095,2036.512,45.166,254.043
200_Aug_0002.jpg,8,16207.089,2025.886,44.931,255
200_Aug_0003.jpg,7,18135.042,2590.72,50.275,253.495
200_Aug_0003.jpg,7,18019.958,2574.28,49.956,255
200_Aug_0004.jpg,8,17053.327,2131.666,47.277,253.254
200_Aug_0004.jpg,8,16911.19,2113.899,46.883,255
200_Aug_0005.jpg,9,15919.798,1768.866,44.134,252.241
200_Aug_0005.jpg,9,15683.322,1742.591,43.479,255
200_Aug_0006.jpg,7,15839.395,2262.771,43.911,253.881
200_Aug_0006.jpg,7,15726.661,2246.666,43.599,255
200_Aug_0007.jpg,7,19787.215,2826.745,54.856,254.002
200_Aug_0007.jpg,7,19710.73,2815.819,54.644,255
200_Aug_0008.jpg,7,18074.618,2582.088,50.108,253.103
200_Aug_0008.jpg,7,17901.807,2557.401,49.629,255
200_Aug_0009.jpg,14,11052.42,789.459,30.64,254.37
200_Aug_0009.jpg,14,11016.728,786.909,30.541,255
200_Aug_0010.jpg,10,12294.309,1229.431,34.083,254.017
200_Aug_0010.jpg,10,12186.977,1218.698,33.786,255
200_Aug_0011.jpg,8,15880.361,1985.045,44.025,253.323
200_Aug_0011.jpg,8,15817.437,1977.18,43.85,255
200_Aug_0012.jpg,7,14746.175,2106.596,40.881,254.954
200_Aug_0012.jpg,7,14743.296,2106.185,40.873,255
200_Aug_0013.jpg,10,17357.045,1735.704,48.119,252.355
200_Aug_0013.jpg,10,17023.045,1702.304,47.193,255
200_Aug_0014.jpg,7,18775.449,2682.207,52.051,254.104
200_Aug_0014.jpg,7,18693.902,2670.557,51.825,255
200_Aug_0015.jpg,6,17541.305,2923.551,48.629,254.173
200_Aug_0015.jpg,6,17483.416,2913.903,48.469,255
200_Aug_0016.jpg,12,16558.799,1379.9,45.906,254.139
200_Aug_0016.jpg,12,16426.828,1368.902,45.54,255
200_Ctl_0001.jpg,8,16549.229,2068.654,45.879,254.664
200_Ctl_0001.jpg,8,16507.377,2063.422,45.763,255
200_Ctl_0002.jpg,7,13994.098,1999.157,38.796,253.824
200_Ctl_0002.jpg,7,13900.392,1985.77,38.536,255
200_Ctl_0003.jpg,7,17084.513,2440.645,47.363,253.515
200_Ctl_0003.jpg,7,16959.75,2422.821,47.017,255
200_Ctl_0004.jpg,5,18424.856,3684.971,51.079,249.85
200_Ctl_0004.jpg,5,18045.005,3609.001,50.026,255
200_Ctl_0005.jpg,10,13524.708,1352.471,37.494,253.769
200_Ctl_0005.jpg,10,13458.245,1345.825,37.31,255
200_Ctl_0006.jpg,9,17284.285,1920.476,47.917,251.608
200_Ctl_0006.jpg,9,17012.483,1890.276,47.163,255
200_Ctl_0007.jpg,7,16380.215,2340.031,45.411,253.959
200_Ctl_0007.jpg,7,16304.834,2329.262,45.202,255
200_Ctl_0008.jpg,7,17196.952,2456.707,47.675,254.295
200_Ctl_0008.jpg,7,17122.185,2446.026,47.468,255
200_Ctl_0009.jpg,8,16481.218,2060.152,45.691,254.616
200_Ctl_0009.jpg,8,16437.982,2054.748,45.571,255
200_Ctl_0010.jpg,8,13546.586,1693.323,37.555,254.872
200_Ctl_0010.jpg,8,13538.064,1692.258,37.531,255
200_Ctl_0011.jpg,5,17213.763,3442.753,47.721,254.358
200_Ctl_0011.jpg,5,17172.789,3434.558,47.608,255
200_Ctl_0012.jpg,8,12296.071,1537.009,34.088,253.476
200_Ctl_0012.jpg,8,12188.602,1523.575,33.79,255
200_Ctl_0013.jpg,8,14738.794,1842.349,40.86,254.847
200_Ctl_0013.jpg,8,14726.232,1840.779,40.825,255
200_Ctl_0014.jpg,8,17933.646,2241.706,49.717,253.048
200_Ctl_0014.jpg,8,17665.048,2208.131,48.973,255
200_Ctl_0015.jpg,9,14346.868,1594.096,39.774,252.217
200_Ctl_0015.jpg,9,14159.814,1573.313,39.255,255
200_Ctl_0016.jpg,8,15764.849,1970.606,43.705,253.754
200_Ctl_0016.jpg,8,15613.626,1951.703,43.285,255
200_Ctl_0017.jpg,12,15031.45,1252.621,41.671,253.711
200_Ctl_0017.jpg,12,14932.922,1244.41,41.398,255
200_Dep_0001.jpg,7,19925.898,2846.557,55.24,250.896
200_Dep_0001.jpg,7,19561.667,2794.524,54.23,255
200_Dep_0002.jpg,11,16498.133,1499.83,45.737,252.386
200_Dep_0002.jpg,11,16205.058,1473.187,44.925,255
200_Dep_0003.jpg,8,17720.728,2215.091,49.127,254.507
200_Dep_0003.jpg,8,17672.192,2209.024,48.992,255
200_Dep_0004.jpg,12,12679.603,1056.634,35.151,254.068
200_Dep_0004.jpg,12,12653.529,1054.461,35.079,255
200_Dep_0005.jpg,7,18193.06,2599.009,50.436,254.933
200_Dep_0005.jpg,7,18187.191,2598.17,50.42,255
200_Dep_0006.jpg,7,18391.651,2627.379,50.987,254.595
200_Dep_0006.jpg,7,18346.993,2620.999,50.863,255
200_Dep_0007.jpg,6,16969.752,2828.292,47.045,253.819
200_Dep_0007.jpg,6,16891.541,2815.257,46.828,255
200_Dep_0008.jpg,7,16184.139,2312.02,44.867,254.471
200_Dep_0008.jpg,7,16134.954,2304.993,44.731,255
200_Dep_0009.jpg,7,18109.533,2587.076,50.205,253.882
200_Dep_0009.jpg,7,18042.4,2577.486,50.019,255
200_Dep_0010.jpg,7,19123.423,2731.918,53.016,253.608
200_Dep_0010.jpg,7,19002.05,2714.579,52.679,255
200_Dep_0011.jpg,7,18327.68,2618.24,50.81,253.214
200_Dep_0011.jpg,7,18147.362,2592.48,50.31,255
200_Dep_0012.jpg,8,17144.542,2143.068,47.53,251.967
200_Dep_0012.jpg,8,16816.508,2102.063,46.62,255
200_Dep_0013.jpg,12,14891.86,1240.988,41.284,253.693
200_Dep_0013.jpg,12,14844.545,1237.045,41.153,255
200_Dep_0014.jpg,11,13651.068,1241.006,37.845,252.172
200_Dep_0014.jpg,11,13526.204,1229.655,37.498,255
200_Dep_0015.jpg,9,13849.848,1538.872,38.396,254.402
200_Dep_0015.jpg,9,13810.983,1534.554,38.288,255
200_Dep_0016.jpg,8,14142.359,1767.795,39.207,254.46
200_Dep_0016.jpg,8,14118.14,1764.767,39.139,255
300_Aug_0001.jpg,7,19291.796,2755.971,53.482,250.452
300_Aug_0001.jpg,7,18945.363,2706.48,52.522,255
300_Aug_0002.jpg,7,16241.604,2320.229,45.026,254.649
300_Aug_0002.jpg,7,16214.587,2316.37,44.951,255
300_Aug_0003.jpg,7,17708.827,2529.832,49.094,253.928
300_Aug_0003.jpg,7,17615.331,2516.476,48.835,255
300_Aug_0004.jpg,6,20042.909,3340.485,55.565,254.362
300_Aug_0004.jpg,6,19988.793,3331.466,55.415,255
300_Aug_0005.jpg,6,17498.014,2916.336,48.509,254.813
300_Aug_0005.jpg,6,17482.901,2913.817,48.468,255
300_Aug_0006.jpg,6,15955.918,2659.32,44.234,253.569
300_Aug_0006.jpg,6,15838.178,2639.696,43.908,255
300_Aug_0007.jpg,7,15244.11,2177.73,42.261,254.82
300_Aug_0007.jpg,7,15229.618,2175.66,42.221,255
300_Aug_0008.jpg,6,16994.628,2832.438,47.114,254.071
300_Aug_0008.jpg,6,16908.888,2818.148,46.876,255
300_Aug_0009.jpg,5,18174.073,3634.815,50.384,254.115
300_Aug_0009.jpg,5,18097.657,3619.531,50.172,255
300_Aug_0010.jpg,6,15915.783,2652.631,44.123,253.738
300_Aug_0010.jpg,6,15803.017,2633.836,43.81,255
300_Aug_0011.jpg,6,19696.222,3282.704,54.604,253.409
300_Aug_0011.jpg,6,19578.299,3263.05,54.277,255
300_Aug_0012.jpg,6,18217.719,3036.287,50.505,254.506
300_Aug_0012.jpg,6,18162.39,3027.065,50.351,255
300_Aug_0013.jpg,5,18981.773,3796.355,52.623,252.904
300_Aug_0013.jpg,5,18824.352,3764.87,52.186,255
300_Aug_0014.jpg,7,17564.469,2509.21,48.694,253.905
300_Aug_0014.jpg,7,17446.567,2492.367,48.367,255
300_Aug_0015.jpg,5,16673.995,3334.799,46.225,254.07
300_Aug_0015.jpg,5,16612.261,3322.452,46.054,255
300_Aug_0016.jpg,7,18390.228,2627.175,50.983,254.3
300_Aug_0016.jpg,7,18355.455,2622.208,50.887,255
300_Aug_0017.jpg,5,15924.612,3184.922,44.148,254.967
300_Aug_0017.jpg,5,15922.418,3184.484,44.141,255
300_Aug_0018.jpg,8,15759.738,1969.967,43.69,254.881
300_Aug_0018.jpg,8,15750.015,1968.752,43.663,255
300_Aug_0019.jpg,1,36038.211,36038.211,99.908,123.262
300_Aug_0019.jpg,2,17381.981,8690.991,48.188,255
300_Aug_0020.jpg,5,17021.637,3404.327,47.189,252.279
300_Aug_0020.jpg,5,16836.386,3367.277,46.675,255
300_Aug_0021.jpg,6,15145.614,2524.269,41.988,254.63
300_Aug_0021.jpg,6,15117.779,2519.63,41.911,255
300_Aug_0022.jpg,6,18594.636,3099.106,51.55,252.428
300_Aug_0022.jpg,6,18430.041,3071.674,51.093,255
300_Aug_0023.jpg,6,17977.582,2996.264,49.839,253.628
300_Aug_0023.jpg,6,17860.858,2976.81,49.515,255
300_Aug_0024.jpg,6,17007.129,2834.522,47.149,254.144
300_Aug_0024.jpg,6,16926.605,2821.101,46.925,255
300_Aug_0025.jpg,5,17809.113,3561.823,49.372,254.521
300_Aug_0025.jpg,5,17772.553,3554.511,49.271,255
300_Aug_0026.jpg,11,16579.753,1507.25,45.964,254.473
300_Aug_0026.jpg,11,16508.762,1500.797,45.767,255
300_Ctl_0001.jpg,6,19690.223,3281.704,54.587,253.576
300_Ctl_0001.jpg,6,19561.679,3260.28,54.231,255
300_Ctl_0002.jpg,7,16821.728,2403.104,46.635,254.513
300_Ctl_0002.jpg,7,16783.782,2397.683,46.529,255
300_Ctl_0003.jpg,7,15682.161,2240.309,43.475,254.568
300_Ctl_0003.jpg,7,15637.853,2233.979,43.353,255
300_Ctl_0004.jpg,1,33355.656,33355.656,92.471,129.19
300_Ctl_0004.jpg,2,16815.213,8407.607,46.617,255
300_Ctl_0005.jpg,7,15127.797,2161.114,41.939,253.452
300_Ctl_0005.jpg,7,14999.244,2142.749,41.582,255
300_Ctl_0006.jpg,7,15459.608,2208.515,42.858,254.467
300_Ctl_0006.jpg,7,15415.893,2202.27,42.737,255
300_Ctl_0007.jpg,10,14911.061,1491.106,41.338,254.281
300_Ctl_0007.jpg,10,14860.239,1486.024,41.197,255
300_Ctl_0008.jpg,7,17045.878,2435.125,47.256,254.143
300_Ctl_0008.jpg,7,16975.21,2425.03,47.06,255
300_Ctl_0009.jpg,8,17763.116,2220.39,49.244,254.462
300_Ctl_0009.jpg,8,17714.112,2214.264,49.109,255
300_Ctl_0010.jpg,7,16342.405,2334.629,45.306,253.054
300_Ctl_0010.jpg,7,16236.759,2319.537,45.013,255
300_Ctl_0011.jpg,8,16034.947,2004.368,44.453,254.736
300_Ctl_0011.jpg,8,16020.817,2002.602,44.414,255
300_Ctl_0012.jpg,11,12817.983,1165.271,35.535,253.986
300_Ctl_0012.jpg,11,12738.628,1158.057,35.315,255
300_Ctl_0013.jpg,7,17330.959,2475.851,48.046,254.687
300_Ctl_0013.jpg,7,17306.15,2472.307,47.978,255
300_Ctl_0014.jpg,7,17201.907,2457.415,47.689,253.909
300_Ctl_0014.jpg,7,17101.09,2443.013,47.409,255
300_Ctl_0015.jpg,7,17827.612,2546.802,49.423,254.548
300_Ctl_0015.jpg,7,17785.913,2540.845,49.308,255
300_Ctl_0016.jpg,7,16291.447,2327.35,45.165,254.335
300_Ctl_0016.jpg,7,16219.932,2317.133,44.966,255
300_Ctl_0017.jpg,10,15751.232,1575.123,43.667,253.111
300_Ctl_0017.jpg,10,15647.96,1564.796,43.381,255
300_Ctl_0018.jpg,7,16538.538,2362.648,45.85,251.46
300_Ctl_0018.jpg,7,16227.93,2318.276,44.988,255
300_Ctl_0019.jpg,7,18142.355,2591.765,50.296,251.944
300_Ctl_0019.jpg,7,17875.342,2553.62,49.556,255
300_Ctl_0020.jpg,6,18601.768,3100.295,51.569,253.796
300_Ctl_0020.jpg,6,18499.172,3083.195,51.285,255
300_Ctl_0021.jpg,6,19547.848,3257.975,54.192,254.396
300_Ctl_0021.jpg,6,19488.028,3248.005,54.026,255
300_Ctl_0022.jpg,4,12219.078,3054.769,33.875,253.719
300_Ctl_0022.jpg,4,12129.878,3032.47,33.627,255
300_Dep_0001.jpg,8,18886.18,2360.772,52.358,254.395
300_Dep_0001.jpg,8,18829.211,2353.651,52.2,255
300_Dep_0002.jpg,6,17619.213,2936.536,48.845,252.52
300_Dep_0002.jpg,6,17394.58,2899.097,48.223,255
300_Dep_0003.jpg,8,15364.551,1920.569,42.595,251.865
300_Dep_0003.jpg,8,15185.161,1898.145,42.098,255
300_Dep_0004.jpg,7,15246.593,2178.085,42.268,254.649
300_Dep_0004.jpg,7,15222.531,2174.647,42.201,255
300_Dep_0005.jpg,8,17768.429,2221.054,49.259,254.179
300_Dep_0005.jpg,8,17677.057,2209.632,49.006,255
300_Dep_0006.jpg,7,17458.165,2494.024,48.399,253.868
300_Dep_0006.jpg,7,17365.172,2480.739,48.141,255
300_Dep_0007.jpg,7,17596.34,2513.763,48.782,254.422
300_Dep_0007.jpg,7,17536.379,2505.197,48.616,255
300_Dep_0008.jpg,6,17477.575,2912.929,48.453,254.71
300_Dep_0008.jpg,6,17453.702,2908.95,48.387,255
300_Dep_0009.jpg,6,19383.635,3230.606,53.737,252.369
300_Dep_0009.jpg,6,19138.528,3189.755,53.057,255
300_Dep_0010.jpg,7,18033.375,2576.196,49.994,254.841
300_Dep_0010.jpg,7,18020.047,2574.292,49.957,255
300_Dep_0011.jpg,6,18449.669,3074.945,51.148,251.379
300_Dep_0011.jpg,6,18148.245,3024.708,50.312,255
300_Dep_0012.jpg,6,18325.451,3054.242,50.803,254.985
300_Dep_0012.jpg,6,18324.345,3054.058,50.8,255
300_Dep_0013.jpg,7,17083.743,2440.535,47.361,254.754
300_Dep_0013.jpg,7,17065.88,2437.983,47.311,255
300_Dep_0014.jpg,8,16416.847,2052.106,45.512,254.304
300_Dep_0014.jpg,8,16371.116,2046.389,45.385,255
300_Dep_0015.jpg,5,18804.58,3760.916,52.132,254.027
300_Dep_0015.jpg,5,18733.053,3746.611,51.933,255
300_Dep_0016.jpg,8,15582.122,1947.765,43.198,254.101
300_Dep_0016.jpg,8,15485.545,1935.693,42.93,255
300_Dep_0017.jpg,9,14240.85,1582.317,39.48,254.336
300_Dep_0017.jpg,9,14168.425,1574.269,39.279,255
300_Dep_0018.jpg,6,19499.428,3249.905,54.058,254.703
300_Dep_0018.jpg,6,19477.797,3246.299,53.998,255
300_Dep_0019.jpg,8,15558.865,1944.858,43.134,254.505
300_Dep_0019.jpg,8,15511.712,1938.964,43.003,255
300_Dep_0020.jpg,8,16581.099,2072.637,45.968,252.702
300_Dep_0020.jpg,8,16468.334,2058.542,45.655,255
300_Dep_0021.jpg,7,8494.549,1213.507,23.549,253.592
300_Dep_0021.jpg,7,8394.832,1199.262,23.273,255
400_Aug_0001.jpg,4,15970.842,3992.711,44.276,251.852
400_Aug_0001.jpg,4,15775.073,3943.768,43.733,255
400_Aug_0002.jpg,7,14594.229,2084.89,40.459,252.477
400_Aug_0002.jpg,7,14435.003,2062.143,40.018,255
400_Aug_0003.jpg,6,18003.559,3000.593,49.911,253.492
400_Aug_0003.jpg,6,17846.567,2974.428,49.476,255
400_Aug_0004.jpg,7,14275.624,2039.375,39.576,250.528
400_Aug_0004.jpg,7,14082.221,2011.746,39.04,255
400_Aug_0005.jpg,7,16927.488,2418.213,46.928,253.771
400_Aug_0005.jpg,7,16835.894,2405.128,46.674,255
400_Aug_0006.jpg,8,15549.226,1943.653,43.107,254.064
400_Aug_0006.jpg,8,15445.567,1930.696,42.819,255
400_Aug_0007.jpg,7,17165.746,2452.249,47.588,252.832
400_Aug_0007.jpg,7,16985.703,2426.529,47.089,255
400_Aug_0008.jpg,7,17371.94,2481.706,48.16,254.024
400_Aug_0008.jpg,7,17297.161,2471.023,47.953,255
400_Aug_0009.jpg,6,16300.122,2716.687,45.189,254.283
400_Aug_0009.jpg,6,16234.251,2705.709,45.006,255
400_Aug_0010.jpg,9,16277.466,1808.607,45.126,254.91
400_Aug_0010.jpg,9,16268.142,1807.571,45.1,255
400_Aug_0011.jpg,5,18574.142,3714.828,51.493,253.996
400_Aug_0011.jpg,5,18497.709,3699.542,51.281,255
400_Aug_0012.jpg,7,16676.813,2382.402,46.233,253.719
400_Aug_0012.jpg,7,16567.688,2366.813,45.93,255
400_Aug_0013.jpg,7,19231.162,2747.309,53.314,251.894
400_Aug_0013.jpg,7,18878.307,2696.901,52.336,255
400_Aug_0014.jpg,7,20300.747,2900.107,56.279,253.072
400_Aug_0014.jpg,7,20094.972,2870.71,55.709,255
400_Aug_0015.jpg,7,18437.744,2633.963,51.115,254.028
400_Aug_0015.jpg,7,18357.249,2622.464,50.891,255
400_Aug_0016.jpg,11,13731.128,1248.284,38.067,253.678
400_Aug_0016.jpg,11,13657.615,1241.601,37.863,255
400_Aug_0017.jpg,9,15406.706,1711.856,42.712,253.353
400_Aug_0017.jpg,9,15324.775,1702.753,42.485,255
400_Aug_0018.jpg,11,3875.12,352.284,10.743,254.969
400_Aug_0018.jpg,11,3874.62,352.238,10.742,255
400_Ctl_0001.jpg,7,19907.524,2843.932,55.189,253.649
400_Ctl_0001.jpg,7,19747.652,2821.093,54.746,255
400_Ctl_0002.jpg,6,18584.373,3097.395,51.521,253.486
400_Ctl_0002.jpg,6,18435.882,3072.647,51.109,255
400_Ctl_0003.jpg,6,13607.974,2267.996,37.725,253.008
400_Ctl_0003.jpg,6,13502.416,2250.403,37.433,255
400_Ctl_0004.jpg,9,14605.061,1622.785,40.489,251.416
400_Ctl_0004.jpg,9,14367.105,1596.345,39.83,255
400_Ctl_0005.jpg,6,16500.858,2750.143,45.745,252.5
400_Ctl_0005.jpg,6,16308.221,2718.037,45.211,255
400_Ctl_0006.jpg,6,18013.578,3002.263,49.939,252.417
400_Ctl_0006.jpg,6,17784.095,2964.016,49.303,255
400_Ctl_0007.jpg,6,15445.333,2574.222,42.819,251.823
400_Ctl_0007.jpg,6,15226.352,2537.725,42.212,255
400_Ctl_0008.jpg,8,12416.956,1552.119,34.423,253.37
400_Ctl_0008.jpg,8,12336.528,1542.066,34.2,255
400_Ctl_0009.jpg,6,17689.32,2948.22,49.04,254.591
400_Ctl_0009.jpg,6,17654.039,2942.34,48.942,255
400_Ctl_0010.jpg,6,19886.533,3314.422,55.131,251.56
400_Ctl_0010.jpg,6,19562.509,3260.418,54.233,255
400_Ctl_0011.jpg,7,18536.651,2648.093,51.389,253.355
400_Ctl_0011.jpg,7,18351.041,2621.577,50.874,255
400_Ctl_0012.jpg,6,16083.463,2680.577,44.588,253.497
400_Ctl_0012.jpg,6,15967.701,2661.284,44.267,255
400_Ctl_0013.jpg,7,18385.467,2626.495,50.97,249.796
400_Ctl_0013.jpg,7,17943.494,2563.356,49.744,255
400_Ctl_0014.jpg,7,14895.089,2127.87,41.293,253.055
400_Ctl_0014.jpg,7,14756.688,2108.098,40.91,255
400_Ctl_0015.jpg,7,15721.655,2245.951,43.585,252.488
400_Ctl_0015.jpg,7,15514.772,2216.396,43.011,255
400_Ctl_0016.jpg,9,15246.79,1694.088,42.268,254.601
400_Ctl_0016.jpg,9,15199.141,1688.793,42.136,255
400_Ctl_0017.jpg,7,14981.942,2140.277,41.534,253.729
400_Ctl_0017.jpg,7,14879.02,2125.574,41.249,255
400_Ctl_0018.jpg,5,18044.239,3608.848,50.024,250.216
400_Ctl_0018.jpg,5,17689.57,3537.914,49.04,255
400_Ctl_0019.jpg,5,17350.385,3470.077,48.1,254.389
400_Ctl_0019.jpg,5,17296.443,3459.289,47.951,255
400_Dep_0001.jpg,7,18846.013,2692.288,52.246,253.595
400_Dep_0001.jpg,7,18689.641,2669.949,51.813,255
400_Dep_0002.jpg,1,32010.135,32010.135,88.741,141.169
400_Dep_0002.jpg,2,17712.177,8856.089,49.103,255
400_Dep_0003.jpg,7,15199.5,2171.357,42.137,254.472
400_Dep_0003.jpg,7,15174.611,2167.802,42.068,255
400_Dep_0004.jpg,6,20658.753,3443.125,57.272,253.671
400_Dep_0004.jpg,6,20539.855,3423.309,56.942,255
400_Dep_0005.jpg,7,18108.674,2586.953,50.202,253.475
400_Dep_0005.jpg,7,17991.695,2570.242,49.878,255
400_Dep_0006.jpg,5,17309.166,3461.833,47.986,253.207
400_Dep_0006.jpg,5,17175.115,3435.023,47.614,255
400_Dep_0007.jpg,8,16579.83,2072.479,45.964,254.429
400_Dep_0007.jpg,8,16513.399,2064.175,45.78,255
400_Dep_0008.jpg,7,18826.005,2689.429,52.191,253.85
400_Dep_0008.jpg,7,18740.902,2677.272,51.955,255
400_Dep_0009.jpg,6,17703.115,2950.519,49.078,251.155
400_Dep_0009.jpg,6,17417.441,2902.907,48.286,255
400_Dep_0010.jpg,6,17789.295,2964.883,49.317,251.379
400_Dep_0010.jpg,6,17490.689,2915.115,48.489,255
400_Dep_0011.jpg,10,16904.824,1690.482,46.865,253.457
400_Dep_0011.jpg,10,16704.089,1670.409,46.308,255
400_Dep_0012.jpg,7,14809.288,2115.613,41.056,254.582
400_Dep_0012.jpg,7,14779.86,2111.409,40.974,255
400_Dep_0013.jpg,7,18569.449,2652.778,51.48,252.011
400_Dep_0013.jpg,7,18271.097,2610.157,50.653,255
400_Dep_0014.jpg,6,20133.031,3355.505,55.814,252.478
400_Dep_0014.jpg,6,19914.268,3319.045,55.208,255
400_Dep_0015.jpg,6,21051.578,3508.596,58.361,251.834
400_Dep_0015.jpg,6,20762.635,3460.439,57.56,255
400_Dep_0016.jpg,6,19157.256,3192.876,53.109,250.524
400_Dep_0016.jpg,6,18882.911,3147.152,52.349,255
400_Dep_0017.jpg,6,17913.965,2985.661,49.663,252.042
400_Dep_0017.jpg,6,17730.451,2955.075,49.154,255
400_Dep_0018.jpg,7,16405.991,2343.713,45.482,254.162
400_Dep_0018.jpg,7,16341.003,2334.429,45.302,255
500_Aug_0001.jpg,7,19618.741,2802.677,54.389,254.377
500_Aug_0001.jpg,7,19552.04,2793.149,54.204,255
500_Aug_0002.jpg,9,13402.638,1489.182,37.156,254.647
500_Aug_0002.jpg,9,13379.261,1486.585,37.091,255
500_Aug_0003.jpg,11,12567.2,1142.473,34.84,253.712
500_Aug_0003.jpg,11,12503.361,1136.669,34.663,255
500_Aug_0004.jpg,11,12701.513,1154.683,35.212,253.587
500_Aug_0004.jpg,11,12607.012,1146.092,34.95,255
500_Aug_0005.jpg,6,18000.609,3000.101,49.903,254.116
500_Aug_0005.jpg,6,17929.611,2988.268,49.706,255
500_Aug_0006.jpg,10,11557.196,1155.72,32.04,252.301
500_Aug_0006.jpg,10,11388.025,1138.802,31.571,255
500_Aug_0007.jpg,8,15050.489,1881.311,41.724,251.308
500_Aug_0007.jpg,8,14755.866,1844.483,40.907,255
500_Aug_0008.jpg,7,14651.078,2093.011,40.617,254.307
500_Aug_0008.jpg,7,14608.27,2086.896,40.498,255
500_Aug_0009.jpg,8,15696.024,1962.003,43.514,254.416
500_Aug_0009.jpg,8,15664.391,1958.049,43.426,255
500_Aug_0010.jpg,7,16800.416,2400.059,46.576,254.398
500_Aug_0010.jpg,7,16758.623,2394.089,46.46,255
500_Aug_0011.jpg,6,13954.048,2325.675,38.685,253.011
500_Aug_0011.jpg,6,13851.175,2308.529,38.399,255
500_Aug_0012.jpg,7,16345.494,2335.071,45.314,252.811
500_Aug_0012.jpg,7,16240.988,2320.141,45.025,255
500_Aug_0013.jpg,7,15223.531,2174.79,42.204,252.596
500_Aug_0013.jpg,7,15090.354,2155.765,41.835,255
500_Aug_0014.jpg,8,14375.72,1796.965,39.854,253.738
500_Aug_0014.jpg,8,14324.946,1790.618,39.713,255
500_Aug_0015.jpg,6,16274.016,2712.336,45.116,253.188
500_Aug_0015.jpg,6,16142.855,2690.476,44.753,255
500_Aug_0016.jpg,7,15957.93,2279.704,44.24,251.151
500_Aug_0016.jpg,7,15655.276,2236.468,43.401,255
500_Aug_0017.jpg,7,15320.264,2188.609,42.472,237.979
500_Aug_0017.jpg,7,14835.326,2119.332,41.128,255
500_Ctl_0001.jpg,7,15945.913,2277.988,44.207,253.981
500_Ctl_0001.jpg,7,15873.927,2267.704,44.007,255
500_Ctl_0002.jpg,10,13306.763,1330.676,36.89,252.22
500_Ctl_0002.jpg,10,13174.297,1317.43,36.523,255
500_Ctl_0003.jpg,7,17338.037,2476.862,48.066,252.24
500_Ctl_0003.jpg,7,17147.703,2449.672,47.538,255
500_Ctl_0004.jpg,9,14480.238,1608.915,40.143,250.993
500_Ctl_0004.jpg,9,14180.051,1575.561,39.311,255
500_Ctl_0005.jpg,8,15249.334,1906.167,42.275,253.396
500_Ctl_0005.jpg,8,15152.468,1894.058,42.007,255
500_Ctl_0006.jpg,7,14910.069,2130.01,41.335,251.748
500_Ctl_0006.jpg,7,14660.765,2094.395,40.644,255
500_Ctl_0007.jpg,7,18492.093,2641.728,51.265,244.228
500_Ctl_0007.jpg,7,17459.003,2494.143,48.401,255
500_Ctl_0008.jpg,7,13717.144,1959.592,38.028,251.841
500_Ctl_0008.jpg,7,13535.94,1933.706,37.525,255
500_Ctl_0009.jpg,12,12503.655,1041.971,34.664,250.366
500_Ctl_0009.jpg,12,12190.662,1015.888,33.796,255
500_Ctl_0010.jpg,11,10569.127,960.83,29.301,253.077
500_Ctl_0010.jpg,11,10446.581,949.689,28.961,255
500_Ctl_0011.jpg,8,13616.923,1702.115,37.75,250.729
500_Ctl_0011.jpg,8,13158.482,1644.81,36.479,255
500_Ctl_0012.jpg,8,16155.715,2019.464,44.788,250.124
500_Ctl_0012.jpg,8,15751.889,1968.986,43.669,255
500_Ctl_0013.jpg,7,14438.378,2062.625,40.027,253.71
500_Ctl_0013.jpg,7,14360.812,2051.545,39.812,255
500_Ctl_0014.jpg,9,13085.351,1453.928,36.276,254.151
500_Ctl_0014.jpg,9,13019.267,1446.585,36.093,255
500_Ctl_0015.jpg,7,15761,2251.571,43.694,251.38
500_Ctl_0015.jpg,7,15560.635,2222.948,43.138,255
500_Ctl_0016.jpg,8,14736.867,1842.108,40.855,249.225
500_Ctl_0016.jpg,8,14266.876,1783.36,39.552,255
500_Dep_0001.jpg,7,19118.698,2731.243,53.002,251.886
500_Dep_0001.jpg,7,18856.845,2693.835,52.277,255
500_Dep_0002.jpg,8,16200.917,2025.115,44.914,253.546
500_Dep_0002.jpg,8,16102.378,2012.797,44.64,255
500_Dep_0003.jpg,9,16246.712,1805.19,45.04,254.547
500_Dep_0003.jpg,9,16216.135,1801.793,44.956,255
500_Dep_0004.jpg,8,16198.627,2024.828,44.907,252.544
500_Dep_0004.jpg,8,16049.246,2006.156,44.493,255
500_Dep_0005.jpg,9,16523.207,1835.912,45.807,254.708
500_Dep_0005.jpg,9,16491.856,1832.428,45.72,255
500_Dep_0006.jpg,7,14859.501,2122.786,41.195,253.724
500_Dep_0006.jpg,7,14773.39,2110.484,40.956,255
500_Dep_0007.jpg,7,15929.634,2275.662,44.161,254.623
500_Dep_0007.jpg,7,15899.203,2271.315,44.077,255
500_Dep_0008.jpg,8,14459.924,1807.491,40.087,251.197
500_Dep_0008.jpg,8,14110.891,1763.861,39.119,255
500_Dep_0009.jpg,8,16462.476,2057.81,45.639,253.767
500_Dep_0009.jpg,8,16338.064,2042.258,45.294,255
500_Dep_0010.jpg,7,18164.543,2594.935,50.357,254.397
500_Dep_0010.jpg,7,18125.041,2589.292,50.248,255
500_Dep_0011.jpg,8,14353.048,1794.131,39.791,254.283
500_Dep_0011.jpg,8,14314.957,1789.37,39.685,255
500_Dep_0012.jpg,7,15645.694,2235.099,43.374,253.275
500_Dep_0012.jpg,7,15533.549,2219.078,43.063,255
500_Dep_0013.jpg,9,15270.97,1696.774,42.335,251.668
500_Dep_0013.jpg,9,14997.769,1666.419,41.578,255
500_Dep_0014.jpg,8,15111.736,1888.967,41.894,252.772
500_Dep_0014.jpg,8,14916.696,1864.587,41.353,255
500_Dep_0015.jpg,7,15212.719,2173.246,42.174,254.594
500_Dep_0015.jpg,7,15189.333,2169.905,42.109,255
500_Dep_0016.jpg,9,11353.615,1261.513,31.475,254.647
500_Dep_0016.jpg,9,11342.029,1260.225,31.443,255
500_Dep_0017.jpg,3,7804.658,2601.553,21.637,249.842
500_Dep_0017.jpg,3,7601.947,2533.982,21.075,255
600_Aug_0001.jpg,8,15404.751,1925.594,42.706,252.251
600_Aug_0001.jpg,8,15275.763,1909.47,42.349,255
600_Aug_0002.jpg,8,16678.301,2084.788,46.237,254.297
600_Aug_0002.jpg,8,16615.478,2076.935,46.063,255
600_Aug_0003.jpg,8,13030.809,1628.851,36.125,254.125
600_Aug_0003.jpg,8,12995.539,1624.442,36.027,255
600_Aug_0004.jpg,9,13591.345,1510.149,37.679,253.375
600_Aug_0004.jpg,9,13473.943,1497.105,37.354,255
600_Aug_0005.jpg,7,14609.302,2087.043,40.501,253.442
600_Aug_0005.jpg,7,14493.263,2070.466,40.179,255
600_Aug_0006.jpg,10,12641.27,1264.127,35.045,254.266
600_Aug_0006.jpg,10,12612.1,1261.21,34.964,255
600_Aug_0007.jpg,6,15305.76,2550.96,42.432,253.531
600_Aug_0007.jpg,6,15216.685,2536.114,42.185,255
600_Aug_0008.jpg,7,13985.455,1997.922,38.772,254.07
600_Aug_0008.jpg,7,13919.641,1988.52,38.589,255
600_Aug_0009.jpg,8,15692.565,1961.571,43.504,254.212
600_Aug_0009.jpg,8,15635.298,1954.412,43.345,255
600_Aug_0010.jpg,7,16328.57,2332.653,45.267,250.773
600_Aug_0010.jpg,7,15992.707,2284.672,44.336,255
600_Aug_0011.jpg,13,12946.411,995.878,35.891,253.487
600_Aug_0011.jpg,13,12887.421,991.34,35.728,255
600_Aug_0012.jpg,8,16779.735,2097.467,46.518,252.401
600_Aug_0012.jpg,8,16582.144,2072.768,45.97,255
600_Aug_0013.jpg,9,15211.683,1690.187,42.171,253.587
600_Aug_0013.jpg,9,15114.473,1679.386,41.902,255
600_Aug_0014.jpg,7,18589.956,2655.708,51.537,253.876
600_Aug_0014.jpg,7,18492.763,2641.823,51.267,255
600_Aug_0015.jpg,10,12995.096,1299.51,36.026,254.337
600_Aug_0015.jpg,10,12940.255,1294.026,35.874,255
600_Aug_0016.jpg,7,9347.019,1335.288,25.913,251.224
600_Aug_0016.jpg,7,9263.504,1323.358,25.681,255
600_Ctl_0001.jpg,8,20135.776,2516.972,55.822,253.449
600_Ctl_0001.jpg,8,19981.811,2497.726,55.395,255
600_Ctl_0002.jpg,7,20567.619,2938.231,57.019,254.164
600_Ctl_0002.jpg,7,20504.784,2929.255,56.845,255
600_Ctl_0003.jpg,8,15478.083,1934.76,42.91,254.28
600_Ctl_0003.jpg,8,15435.828,1929.478,42.792,255
600_Ctl_0004.jpg,7,17244.077,2463.44,47.805,252.144
600_Ctl_0004.jpg,7,17079.171,2439.882,47.348,255
600_Ctl_0005.jpg,8,16762.679,2095.335,46.471,251.571
600_Ctl_0005.jpg,8,16542.803,2067.85,45.861,255
600_Ctl_0006.jpg,8,15679.996,1959.999,43.469,254.678
600_Ctl_0006.jpg,8,15655.921,1956.99,43.403,255
600_Ctl_0007.jpg,8,15050.106,1881.263,41.723,254.108
600_Ctl_0007.jpg,8,14988.005,1873.501,41.551,255
600_Ctl_0008.jpg,6,15842.322,2640.387,43.919,254.029
600_Ctl_0008.jpg,6,15779.818,2629.97,43.746,255
600_Ctl_0009.jpg,9,15046.204,1671.8,41.712,253.274
600_Ctl_0009.jpg,9,14909.9,1656.656,41.334,255
600_Ctl_0010.jpg,8,17416.667,2177.083,48.284,254.409
600_Ctl_0010.jpg,8,17366.757,2170.845,48.146,255
600_Ctl_0011.jpg,9,16400.661,1822.296,45.467,252.878
600_Ctl_0011.jpg,9,16211.084,1801.232,44.942,255
600_Ctl_0012.jpg,8,15332.068,1916.508,42.505,252.907
600_Ctl_0012.jpg,8,15162.711,1895.339,42.035,255
600_Ctl_0013.jpg,9,16274.011,1808.223,45.116,253.049
600_Ctl_0013.jpg,9,16118.031,1790.892,44.684,255
600_Ctl_0014.jpg,8,14880.286,1860.036,41.252,254.356
600_Ctl_0014.jpg,8,14829.932,1853.742,41.113,255
600_Ctl_0015.jpg,8,14630.293,1828.787,40.559,254.674
600_Ctl_0015.jpg,8,14601.534,1825.192,40.48,255
600_Ctl_0016.jpg,6,9095.817,1515.969,25.216,254.498
600_Ctl_0016.jpg,6,9061.337,1510.223,25.121,255
600_Dep_0001.jpg,8,20187.368,2523.421,55.965,253.457
600_Dep_0001.jpg,8,20057.804,2507.225,55.606,255
600_Dep_0002.jpg,8,15109.076,1888.634,41.887,254.127
600_Dep_0002.jpg,8,15045.655,1880.707,41.711,255
600_Dep_0003.jpg,10,13834.59,1383.459,38.353,254.678
600_Dep_0003.jpg,10,13821.287,1382.129,38.317,255
600_Dep_0004.jpg,8,17867.578,2233.447,49.534,252.351
600_Dep_0004.jpg,8,17687.47,2210.934,49.035,255
600_Dep_0005.jpg,11,13776.556,1252.414,38.193,252.73
600_Dep_0005.jpg,11,13668.845,1242.622,37.894,255
600_Dep_0006.jpg,8,15104.379,1888.047,41.874,254.128
600_Dep_0006.jpg,8,15040.693,1880.087,41.697,255
600_Dep_0007.jpg,6,17881.691,2980.282,49.573,254.606
600_Dep_0007.jpg,6,17854.625,2975.771,49.498,255
600_Dep_0008.jpg,7,17729.766,2532.824,49.152,252.778
600_Dep_0008.jpg,7,17549.299,2507.043,48.652,255
600_Dep_0009.jpg,10,15275.328,1527.533,42.348,254.337
600_Dep_0009.jpg,10,15212.013,1521.201,42.172,255
600_Dep_0010.jpg,10,15100.231,1510.023,41.862,254.582
600_Dep_0010.jpg,10,15056.226,1505.623,41.74,255
600_Dep_0011.jpg,12,14327.228,1193.936,39.719,254.717
600_Dep_0011.jpg,12,14299.074,1191.589,39.641,255
600_Dep_0012.jpg,8,16813.896,2101.737,46.613,254.755
600_Dep_0012.jpg,8,16791.687,2098.961,46.551,255
600_Dep_0013.jpg,8,13680.984,1710.123,37.928,254.061
600_Dep_0013.jpg,8,13629.469,1703.684,37.785,255
600_Dep_0014.jpg,8,13562.784,1695.348,37.6,254.151
600_Dep_0014.jpg,8,13501.275,1687.659,37.429,255
600_Dep_0015.jpg,6,6961.177,1160.196,19.298,254.854
600_Dep_0015.jpg,6,6955.114,1159.186,19.282,255
700_Aug_0001.jpg,7,17357.194,2479.599,48.119,252.267
700_Aug_0001.jpg,7,17167.907,2452.558,47.594,255
700_Aug_0002.jpg,9,14825.643,1647.294,41.101,253.685
700_Aug_0002.jpg,9,14741.623,1637.958,40.868,255
700_Aug_0003.jpg,8,15535.069,1941.884,43.068,251.727
700_Aug_0003.jpg,8,15315.967,1914.496,42.46,255
700_Aug_0004.jpg,9,15062.724,1673.636,41.758,254.647
700_Aug_0004.jpg,9,15040.322,1671.147,41.696,255
700_Aug_0005.jpg,6,17448.135,2908.023,48.371,250.281
700_Aug_0005.jpg,6,17135.577,2855.929,47.505,255
700_Aug_0006.jpg,8,15554.495,1944.312,43.121,253.824
700_Aug_0006.jpg,8,15507.257,1938.407,42.991,255
700_Aug_0007.jpg,8,15614.637,1951.83,43.288,254.271
700_Aug_0007.jpg,8,15568.383,1946.048,43.16,255
700_Aug_0008.jpg,9,12822.607,1424.734,35.548,251.311
700_Aug_0008.jpg,9,12608.798,1400.978,34.955,255
700_Aug_0009.jpg,12,12223.952,1018.663,33.888,254.725
700_Aug_0009.jpg,12,12207.597,1017.3,33.843,255
700_Aug_0010.jpg,7,15687.978,2241.14,43.492,254.065
700_Aug_0010.jpg,7,15651.68,2235.954,43.391,255
700_Aug_0011.jpg,8,15990.426,1998.803,44.33,247.924
700_Aug_0011.jpg,8,15491.035,1936.379,42.946,255
700_Aug_0012.jpg,7,16142.497,2306.071,44.752,251.199
700_Aug_0012.jpg,7,15924.229,2274.89,44.146,255
700_Aug_0013.jpg,10,15373.138,1537.314,42.619,254.696
700_Aug_0013.jpg,10,15348.326,1534.833,42.55,255
700_Aug_0014.jpg,11,13274.187,1206.744,36.8,254.226
700_Aug_0014.jpg,11,13240.135,1203.649,36.705,255
700_Aug_0015.jpg,7,3542.083,506.012,9.82,254.264
700_Aug_0015.jpg,7,3535.98,505.14,9.803,255
700_Ctl_0001.jpg,6,15672.421,2612.07,43.448,249.624
700_Ctl_0001.jpg,6,15349.648,2558.275,42.554,255
700_Ctl_0002.jpg,9,14037.289,1559.699,38.915,250.525
700_Ctl_0002.jpg,9,13742.581,1526.953,38.098,255
700_Ctl_0003.jpg,10,12874.473,1287.447,35.692,253.85
700_Ctl_0003.jpg,10,12780.759,1278.076,35.432,255
700_Ctl_0004.jpg,10,10804.019,1080.402,29.952,254.007
700_Ctl_0004.jpg,10,10732.4,1073.24,29.753,255
700_Ctl_0005.jpg,7,15807.746,2258.249,43.824,253.815
700_Ctl_0005.jpg,7,15672.736,2238.962,43.449,255
700_Ctl_0006.jpg,9,14950.402,1661.156,41.447,254.695
700_Ctl_0006.jpg,9,14925.46,1658.384,41.378,255
700_Ctl_0007.jpg,7,14392.377,2056.054,39.9,250.58
700_Ctl_0007.jpg,7,14138.368,2019.767,39.196,255
700_Ctl_0008.jpg,7,16468.221,2352.603,45.655,253.111
700_Ctl_0008.jpg,7,16327.256,2332.465,45.264,255
700_Ctl_0009.jpg,6,18415.206,3069.201,51.052,254.124
700_Ctl_0009.jpg,6,18355.193,3059.199,50.886,255
700_Ctl_0010.jpg,6,17320.683,2886.781,48.018,253.19
700_Ctl_0010.jpg,6,17191.736,2865.289,47.66,255
700_Ctl_0011.jpg,8,15155.185,1894.398,42.014,252.565
700_Ctl_0011.jpg,8,15023.674,1877.959,41.65,255
700_Ctl_0012.jpg,10,13818.26,1381.826,38.308,254.912
700_Ctl_0012.jpg,10,13809.826,1380.983,38.285,255
700_Ctl_0013.jpg,6,15759.407,2626.568,43.69,252.41
700_Ctl_0013.jpg,6,15573.656,2595.609,43.175,255
700_Ctl_0014.jpg,9,14819.56,1646.618,41.084,253.488
700_Ctl_0014.jpg,9,14715.953,1635.106,40.797,255
700_Ctl_0015.jpg,8,14764.767,1845.596,40.932,251.443
700_Ctl_0015.jpg,8,14552.603,1819.075,40.344,255
700_Ctl_0016.jpg,7,16550.595,2364.371,45.883,251.378
700_Ctl_0016.jpg,7,16275.007,2325.001,45.119,255
700_Ctl_0017.jpg,2,3534.033,1767.016,9.797,252.839
700_Ctl_0017.jpg,2,3499.949,1749.974,9.703,255
700_Dep_0001.jpg,6,16710.228,2785.038,46.325,250.575
700_Dep_0001.jpg,6,16441.824,2740.304,45.581,255
700_Dep_0002.jpg,10,13979.606,1397.961,38.755,253.742
700_Dep_0002.jpg,10,13855.307,1385.531,38.411,255
700_Dep_0003.jpg,9,16399.657,1822.184,45.464,254.216
700_Dep_0003.jpg,9,16340.196,1815.577,45.3,255
700_Dep_0004.jpg,8,14484.104,1810.513,40.154,252.683
700_Dep_0004.jpg,8,14328.877,1791.11,39.724,255
700_Dep_0005.jpg,9,14533.463,1614.829,40.291,251.562
700_Dep_0005.jpg,9,14357.281,1595.253,39.802,255
700_Dep_0006.jpg,10,15087.734,1508.773,41.827,252.862
700_Dep_0006.jpg,10,14935.192,1493.519,41.405,255
700_Dep_0007.jpg,10,16374.059,1637.406,45.394,253.423
700_Dep_0007.jpg,10,16232.675,1623.268,45.002,255
700_Dep_0008.jpg,11,13973.269,1270.297,38.738,250.61
700_Dep_0008.jpg,11,13866.594,1260.599,38.442,255
700_Dep_0009.jpg,7,17085.601,2440.8,47.366,251.622
700_Dep_0009.jpg,7,16846.295,2406.614,46.703,255
700_Dep_0010.jpg,8,16467.572,2058.446,45.653,254.16
700_Dep_0010.jpg,8,16394.901,2049.363,45.451,255
700_Dep_0011.jpg,7,15153.383,2164.769,42.009,252.736
700_Dep_0011.jpg,7,15006.505,2143.786,41.602,255
700_Dep_0012.jpg,9,12491.288,1387.921,34.629,251.246
700_Dep_0012.jpg,9,12309.128,1367.681,34.124,255
700_Dep_0013.jpg,11,14969.03,1360.821,41.498,253.356
700_Dep_0013.jpg,11,14900.539,1354.594,41.309,255
700_Dep_0014.jpg,10,15423.972,1542.397,42.76,253.656
700_Dep_0014.jpg,10,15296.741,1529.674,42.407,255
800_Aug_0001.jpg,7,17098.723,2442.675,47.402,252.859
800_Aug_0001.jpg,7,16936.192,2419.456,46.952,255
800_Aug_0002.jpg,8,15092.261,1886.533,41.84,254.276
800_Aug_0002.jpg,8,15041.455,1880.182,41.699,255
800_Aug_0003.jpg,7,16825.873,2403.696,46.646,253.319
800_Aug_0003.jpg,7,16693.341,2384.763,46.279,255
800_Aug_0004.jpg,9,12538.413,1393.157,34.76,253.164
800_Aug_0004.jpg,9,12393.663,1377.074,34.359,255
800_Aug_0005.jpg,7,13249.334,1892.762,36.731,253.59
800_Aug_0005.jpg,7,13158.664,1879.809,36.48,255
800_Aug_0006.jpg,9,12706.027,1411.781,35.225,253.332
800_Aug_0006.jpg,9,12627.467,1403.052,35.007,255
800_Aug_0007.jpg,10,12468.805,1246.881,34.567,251.204
800_Aug_0007.jpg,10,12244.841,1224.484,33.946,255
800_Aug_0008.jpg,8,14548.435,1818.554,40.332,252.085
800_Aug_0008.jpg,8,14360.494,1795.062,39.811,255
800_Aug_0009.jpg,10,12093.598,1209.36,33.527,249.758
800_Aug_0009.jpg,10,11842.838,1184.284,32.832,255
800_Aug_0010.jpg,12,12611.947,1050.996,34.964,253.143
800_Aug_0010.jpg,12,12495.641,1041.303,34.641,255
800_Aug_0011.jpg,7,13573.748,1939.107,37.63,252.634
800_Aug_0011.jpg,7,13433.643,1919.092,37.242,255
800_Aug_0012.jpg,7,13881.235,1983.034,38.483,253.988
800_Aug_0012.jpg,7,13801.574,1971.653,38.262,255
800_Aug_0013.jpg,8,15324.864,1915.608,42.485,249.533
800_Aug_0013.jpg,8,14947.37,1868.421,41.438,255
800_Aug_0014.jpg,10,12329.724,1232.972,34.181,252.92
800_Aug_0014.jpg,10,12207.665,1220.767,33.843,255
800_Aug_0015.jpg,10,13329.479,1332.948,36.953,251.538
800_Aug_0015.jpg,10,13257.187,1325.719,36.753,255
800_Aug_0016.jpg,6,13015.921,2169.32,36.084,244.462
800_Aug_0016.jpg,6,12409.094,2068.182,34.402,255
800_Ctl_0001.jpg,8,16208.899,2026.112,44.936,254.241
800_Ctl_0001.jpg,8,16141.811,2017.726,44.75,255
800_Ctl_0002.jpg,7,16185.876,2312.268,44.872,247.989
800_Ctl_0002.jpg,7,15688.695,2241.242,43.494,255
800_Ctl_0003.jpg,10,13536.972,1353.697,37.528,254.056
800_Ctl_0003.jpg,10,13444.015,1344.402,37.271,255
800_Ctl_0004.jpg,8,17270.877,2158.86,47.88,253.265
800_Ctl_0004.jpg,8,17147.602,2143.45,47.538,255
800_Ctl_0005.jpg,8,15379.237,1922.405,42.636,252.779
800_Ctl_0005.jpg,8,15263.246,1907.906,42.314,255
800_Ctl_0006.jpg,8,14178.665,1772.333,39.307,250.455
800_Ctl_0006.jpg,8,13894.337,1736.792,38.519,255
800_Ctl_0007.jpg,11,11031.95,1002.905,30.584,253.865
800_Ctl_0007.jpg,11,10946.528,995.139,30.347,255
800_Ctl_0008.jpg,9,14616.756,1624.084,40.522,247.312
800_Ctl_0008.jpg,9,14002.278,1555.809,38.818,255
800_Ctl_0009.jpg,9,15803.514,1755.946,43.812,249.755
800_Ctl_0009.jpg,9,15407.649,1711.961,42.714,255
800_Ctl_0010.jpg,8,15681.35,1960.169,43.473,250.673
800_Ctl_0010.jpg,8,15438.081,1929.76,42.799,255
800_Ctl_0011.jpg,9,12912.125,1434.681,35.796,249.253
800_Ctl_0011.jpg,9,12561.097,1395.677,34.823,255
800_Ctl_0012.jpg,12,13926.245,1160.52,38.607,252.985
800_Ctl_0012.jpg,12,13719.635,1143.303,38.035,255
800_Ctl_0013.jpg,10,15509.527,1550.953,42.997,252.544
800_Ctl_0013.jpg,10,15337.409,1533.741,42.52,255
800_Ctl_0014.jpg,12,10940.751,911.729,30.331,253.876
800_Ctl_0014.jpg,12,10883.269,906.939,30.172,255
800_Dep_0001.jpg,7,14811.674,2115.953,41.062,254.32
800_Dep_0001.jpg,7,14759.409,2108.487,40.917,255
800_Dep_0002.jpg,6,17423.254,2903.876,48.302,251.195
800_Dep_0002.jpg,6,17054.347,2842.391,47.279,255
800_Dep_0003.jpg,7,14014.408,2002.058,38.852,251.62
800_Dep_0003.jpg,7,13814.18,1973.454,38.297,255
800_Dep_0004.jpg,6,14479.19,2413.198,40.14,250.022
800_Dep_0004.jpg,6,14229.664,2371.611,39.449,255
800_Dep_0005.jpg,7,15410.209,2201.458,42.721,251.35
800_Dep_0005.jpg,7,15134.226,2162.032,41.956,255
800_Dep_0006.jpg,8,15101.19,1887.649,41.865,254.559
800_Dep_0006.jpg,8,15063.97,1882.996,41.762,255
800_Dep_0007.jpg,7,13805.501,1972.214,38.273,251.364
800_Dep_0007.jpg,7,13564.755,1937.822,37.605,255
800_Dep_0008.jpg,6,14449.214,2408.202,40.057,249.783
800_Dep_0008.jpg,6,14124.755,2354.126,39.158,255
800_Dep_0009.jpg,7,14004.209,2000.601,38.824,252.822
800_Dep_0009.jpg,7,13854.677,1979.24,38.409,255
800_Dep_0010.jpg,7,15276.118,2182.303,42.35,253.369
800_Dep_0010.jpg,7,15125.366,2160.767,41.932,255
800_Dep_0011.jpg,6,13736.26,2289.377,38.081,254.19
800_Dep_0011.jpg,6,13685.696,2280.949,37.941,255
800_Dep_0012.jpg,6,16171.949,2695.325,44.833,251.609
800_Dep_0012.jpg,6,15951.952,2658.659,44.223,255
800_Dep_0013.jpg,9,14320.972,1591.219,39.702,254.435
800_Dep_0013.jpg,9,14286.67,1587.408,39.607,255
800_Dep_0014.jpg,10,11710.363,1171.036,32.464,254.391
800_Dep_0014.jpg,10,11668.124,1166.812,32.347,255
800_Dep_0015.jpg,7,13279.089,1897.013,36.813,252.188
800_Dep_0015.jpg,7,13103.605,1871.944,36.327,255
800_Dep_0016.jpg,11,14022.757,1274.796,38.875,252.551
800_Dep_0016.jpg,11,13851.03,1259.185,38.399,255
800_Dep_0017.jpg,9,11786.138,1309.571,32.675,254.701
800_Dep_0017.jpg,9,11762.979,1306.998,32.61,255
900_Aug_0001.jpg,7,18473.8,2639.114,51.215,254.413
900_Aug_0001.jpg,7,18420.705,2631.529,51.067,255
900_Aug_0002.jpg,6,18504.333,3084.055,51.299,252.581
900_Aug_0002.jpg,6,18346.832,3057.805,50.863,255
900_Aug_0003.jpg,8,17016.8,2127.1,47.175,254.604
900_Aug_0003.jpg,8,16984.518,2123.065,47.086,255
900_Aug_0004.jpg,7,16450.334,2350.048,45.605,253.652
900_Aug_0004.jpg,7,16354.616,2336.374,45.34,255
900_Aug_0005.jpg,9,17393.358,1932.595,48.219,253.972
900_Aug_0005.jpg,9,17304.329,1922.703,47.972,255
900_Aug_0006.jpg,10,16729.756,1672.976,46.38,254.09
900_Aug_0006.jpg,10,16658.225,1665.823,46.181,255
900_Aug_0007.jpg,9,17543.635,1949.293,48.636,253.431
900_Aug_0007.jpg,9,17436.751,1937.417,48.34,255
900_Aug_0008.jpg,8,17579.642,2197.455,48.736,252.462
900_Aug_0008.jpg,8,17384.369,2173.046,48.194,255
900_Aug_0009.jpg,7,17506.467,2500.924,48.533,253.846
900_Aug_0009.jpg,7,17441.411,2491.63,48.353,255
900_Aug_0010.jpg,10,16798.484,1679.848,46.57,254.607
900_Aug_0010.jpg,10,16772.535,1677.254,46.498,255
900_Aug_0011.jpg,7,16863.262,2409.037,46.75,253.048
900_Aug_0011.jpg,7,16713.187,2387.598,46.334,255
900_Aug_0012.jpg,9,17858.608,1984.29,49.509,254.587
900_Aug_0012.jpg,9,17815.482,1979.498,49.39,255
900_Aug_0013.jpg,7,17371.054,2481.579,48.157,250.554
900_Aug_0013.jpg,7,16960.572,2422.939,47.02,255
900_Aug_0014.jpg,9,17990.422,1998.936,49.875,254.279
900_Aug_0014.jpg,9,17939.398,1993.266,49.733,255
900_Aug_0015.jpg,3,7199.742,2399.914,19.96,253.325
900_Aug_0015.jpg,3,7152.742,2384.247,19.829,255
900_Ctl_0001.jpg,8,18917.551,2364.694,52.445,254.066
900_Ctl_0001.jpg,8,18838.51,2354.814,52.226,255
900_Ctl_0002.jpg,6,18703.513,3117.252,51.851,254.271
900_Ctl_0002.jpg,6,18649.667,3108.278,51.702,255
900_Ctl_0003.jpg,9,16370.737,1818.971,45.384,253.948
900_Ctl_0003.jpg,9,16309.942,1812.216,45.216,255
900_Ctl_0004.jpg,8,16994.261,2124.283,47.113,252.947
900_Ctl_0004.jpg,8,16830.182,2103.773,46.658,255
900_Ctl_0005.jpg,8,16579.209,2072.401,45.962,254.7
900_Ctl_0005.jpg,8,16559.448,2069.931,45.907,255
900_Ctl_0006.jpg,8,15938.415,1992.302,44.186,253.293
900_Ctl_0006.jpg,8,15781.333,1972.667,43.75,255
900_Ctl_0007.jpg,8,18124.682,2265.585,50.247,253.815
900_Ctl_0007.jpg,8,18028.618,2253.577,49.98,255
900_Ctl_0008.jpg,9,15721.099,1746.789,43.583,250.947
900_Ctl_0008.jpg,9,15442.669,1715.852,42.811,255
900_Ctl_0009.jpg,8,15870.617,1983.827,43.998,254.502
900_Ctl_0009.jpg,8,15823.411,1977.926,43.867,255
900_Ctl_0010.jpg,9,16031.984,1781.332,44.445,253.975
900_Ctl_0010.jpg,9,15931.824,1770.203,44.168,255
900_Ctl_0011.jpg,9,16780.589,1864.51,46.521,254.306
900_Ctl_0011.jpg,9,16733.553,1859.284,46.39,255
900_Ctl_0012.jpg,7,16578.552,2368.365,45.96,254.731
900_Ctl_0012.jpg,7,16554.913,2364.988,45.895,255
900_Ctl_0013.jpg,8,16075.65,2009.456,44.566,253.502
900_Ctl_0013.jpg,8,15968.915,1996.114,44.27,255
900_Ctl_0014.jpg,8,18269.981,2283.748,50.65,253.74
900_Ctl_0014.jpg,8,18181.672,2272.709,50.405,255
900_Ctl_0015.jpg,8,17251.951,2156.494,47.827,253.405
900_Ctl_0015.jpg,8,17123.225,2140.403,47.47,255
900_Ctl_0016.jpg,8,17090.318,2136.29,47.379,253.508
900_Ctl_0016.jpg,8,16958.029,2119.754,47.012,255
900_Ctl_0017.jpg,7,12114.209,1730.601,33.584,254.584
900_Ctl_0017.jpg,7,12093.295,1727.614,33.526,255
900_Dep_0001.jpg,7,18719.359,2674.194,51.895,253.612
900_Dep_0001.jpg,7,18613.93,2659.133,51.603,255
900_Dep_0002.jpg,8,17366.692,2170.836,48.145,251.984
900_Dep_0002.jpg,8,17185.375,2148.172,47.643,255
900_Dep_0003.jpg,10,16302.67,1630.267,45.196,253.811
900_Dep_0003.jpg,10,16201.461,1620.146,44.915,255
900_Dep_0004.jpg,9,15936.968,1770.774,44.182,253.236
900_Dep_0004.jpg,9,15836.63,1759.626,43.904,255
900_Dep_0005.jpg,9,16103.659,1789.295,44.644,253.006
900_Dep_0005.jpg,9,15892.201,1765.8,44.058,255
900_Dep_0006.jpg,7,17158.918,2451.274,47.569,253.913
900_Dep_0006.jpg,7,17070.299,2438.614,47.324,255
900_Dep_0007.jpg,7,18224.347,2603.478,50.523,252.275
900_Dep_0007.jpg,7,18002.641,2571.806,49.908,255
900_Dep_0008.jpg,11,18290.435,1662.767,50.706,254.699
900_Dep_0008.jpg,11,18256.548,1659.686,50.612,255
900_Dep_0009.jpg,8,16954.578,2119.322,47.003,253.902
900_Dep_0009.jpg,8,16869.055,2108.632,46.766,255
900_Dep_0010.jpg,7,17849.937,2549.991,49.485,250.192
900_Dep_0010.jpg,7,17533.715,2504.816,48.608,255
900_Dep_0011.jpg,5,16358.776,3271.755,45.351,253.572
900_Dep_0011.jpg,5,16271.25,3254.25,45.109,255
900_Dep_0012.jpg,6,16986.473,2831.079,47.091,253.264
900_Dep_0012.jpg,6,16851.685,2808.614,46.718,255
900_Dep_0013.jpg,9,15230.436,1692.271,42.223,251.119
900_Dep_0013.jpg,9,14867.314,1651.924,41.216,255
900_Dep_0014.jpg,7,18070.978,2581.568,50.098,250
900_Dep_0014.jpg,7,17548.46,2506.923,48.649,255
900_Dep_0015.jpg,11,16605.247,1509.568,46.034,253.162
900_Dep_0015.jpg,11,16493.319,1499.393,45.724,255
900_Dep_0016.jpg,7,17829.733,2547.105,49.429,253.53
900_Dep_0016.jpg,7,17720.325,2531.475,49.126,255
900_Dep_0017.jpg,5,8813.754,1762.751,24.434,248.637
900_Dep_0017.jpg,5,8606.286,1721.257,23.859,255
1000_Aug_0001.jpg,7,15610.348,2230.05,43.276,249.467
1000_Aug_0001.jpg,7,15196.783,2170.969,42.13,255
1000_Aug_0002.jpg,7,16350.726,2335.818,45.329,253.632
1000_Aug_0002.jpg,7,16267.171,2323.882,45.097,255
1000_Aug_0003.jpg,7,16743.26,2391.894,46.417,251.224
1000_Aug_0003.jpg,7,16441.784,2348.826,45.581,255
1000_Aug_0004.jpg,7,14479.101,2068.443,40.14,252.147
1000_Aug_0004.jpg,7,14304.584,2043.512,39.656,255
1000_Aug_0005.jpg,8,14500.459,1812.557,40.199,252.346
1000_Aug_0005.jpg,8,14321.479,1790.185,39.703,255
1000_Aug_0006.jpg,7,18802.483,2686.069,52.126,252.682
1000_Aug_0006.jpg,7,18597.309,2656.758,51.557,255
1000_Aug_0007.jpg,6,17417.639,2902.94,48.287,253.349
1000_Aug_0007.jpg,6,17311.625,2885.271,47.993,255
1000_Aug_0008.jpg,9,15829.704,1758.856,43.884,253.678
1000_Aug_0008.jpg,9,15705.361,1745.04,43.54,255
1000_Aug_0009.jpg,11,14138.84,1285.349,39.197,253.443
1000_Aug_0009.jpg,11,14004.447,1273.132,38.824,255
1000_Aug_0010.jpg,8,17763.503,2220.438,49.245,249.947
1000_Aug_0010.jpg,8,17428.471,2178.559,48.317,255
1000_Aug_0011.jpg,7,17525.732,2503.676,48.586,253.31
1000_Aug_0011.jpg,7,17401.243,2485.892,48.241,255
1000_Aug_0012.jpg,8,16280.559,2035.07,45.134,254.456
1000_Aug_0012.jpg,8,16239.323,2029.915,45.02,255
1000_Aug_0013.jpg,8,16781.384,2097.673,46.523,253.078
1000_Aug_0013.jpg,8,16673.23,2084.154,46.223,255
1000_Aug_0014.jpg,9,16125.376,1791.708,44.704,253.196
1000_Aug_0014.jpg,9,15982.141,1775.793,44.307,255
1000_Aug_0015.jpg,7,14411.114,2058.731,39.952,251.651
1000_Aug_0015.jpg,7,14210.403,2030.058,39.395,255
1000_Aug_0016.jpg,10,12858.389,1285.839,35.647,254.522
1000_Aug_0016.jpg,10,12832.174,1283.217,35.574,255
1000_Ctl_0001.jpg,10,14939.388,1493.939,41.416,251.742
1000_Ctl_0001.jpg,10,14739.169,1473.917,40.861,255
1000_Ctl_0002.jpg,6,15096.312,2516.052,41.851,253.249
1000_Ctl_0002.jpg,6,14982.978,2497.163,41.537,255
1000_Ctl_0003.jpg,7,15511.954,2215.993,43.004,252.328
1000_Ctl_0003.jpg,7,15357.593,2193.942,42.576,255
1000_Ctl_0004.jpg,6,14530.258,2421.71,40.282,253.105
1000_Ctl_0004.jpg,6,14452.1,2408.683,40.065,255
1000_Ctl_0005.jpg,10,14094.142,1409.414,39.073,251.883
1000_Ctl_0005.jpg,10,13869.053,1386.905,38.449,255
1000_Ctl_0006.jpg,7,14892.239,2127.463,41.286,252.092
1000_Ctl_0006.jpg,7,14782.061,2111.723,40.98,255
1000_Ctl_0007.jpg,10,11630.303,1163.03,32.242,254.452
1000_Ctl_0007.jpg,10,11607.583,1160.758,32.18,255
1000_Ctl_0008.jpg,10,11776.814,1177.681,32.649,253.681
1000_Ctl_0008.jpg,10,11685.575,1168.557,32.396,255
1000_Ctl_0009.jpg,8,15682.036,1960.254,43.475,251.266
1000_Ctl_0009.jpg,8,15417.167,1927.146,42.741,255
1000_Ctl_0010.jpg,6,15968.863,2661.477,44.27,251.011
1000_Ctl_0010.jpg,6,15711.532,2618.589,43.557,255
1000_Ctl_0011.jpg,8,14296.853,1787.107,39.635,249.22
1000_Ctl_0011.jpg,8,13867.84,1733.48,38.446,255
1000_Ctl_0012.jpg,7,14936.159,2133.737,41.407,253.831
1000_Ctl_0012.jpg,7,14875.747,2125.107,41.24,255
1000_Ctl_0013.jpg,7,13923.842,1989.12,38.601,252.484
1000_Ctl_0013.jpg,7,13769.994,1967.142,38.174,255
1000_Ctl_0014.jpg,9,14215.304,1579.478,39.409,252.671
1000_Ctl_0014.jpg,9,14081,1564.556,39.037,255
1000_Ctl_0015.jpg,9,16647.385,1849.709,46.151,253.774
1000_Ctl_0015.jpg,9,16540.803,1837.867,45.856,255
1000_Ctl_0016.jpg,5,10715.05,2143.01,29.705,252.548
1000_Ctl_0016.jpg,5,10588.912,2117.782,29.355,255
1000_Dep_0001.jpg,6,16791.353,2798.559,46.55,250.65
1000_Dep_0001.jpg,6,16464.959,2744.16,45.646,255
1000_Dep_0002.jpg,6,18728.119,3121.353,51.92,250.124
1000_Dep_0002.jpg,6,18274.89,3045.815,50.663,255
1000_Dep_0003.jpg,7,15289.195,2184.171,42.386,252.042
1000_Dep_0003.jpg,7,15117.686,2159.669,41.911,255
1000_Dep_0004.jpg,10,15368.997,1536.9,42.607,252.06
1000_Dep_0004.jpg,10,15141.281,1514.128,41.976,255
1000_Dep_0005.jpg,7,16966.647,2423.807,47.036,254.519
1000_Dep_0005.jpg,7,16946.588,2420.941,46.981,255
1000_Dep_0006.jpg,7,17658.627,2522.661,48.955,250.104
1000_Dep_0006.jpg,7,17285.833,2469.405,47.921,255
1000_Dep_0007.jpg,6,16903.071,2817.178,46.86,251.547
1000_Dep_0007.jpg,6,16674.282,2779.047,46.226,255
1000_Dep_0008.jpg,10,14449.875,1444.987,40.059,251.283
1000_Dep_0008.jpg,10,14254.158,1425.416,39.517,255
1000_Dep_0009.jpg,9,14022.523,1558.058,38.874,250.619
1000_Dep_0009.jpg,9,13673.211,1519.246,37.906,255
1000_Dep_0010.jpg,7,15527.45,2218.207,43.046,252.22
1000_Dep_0010.jpg,7,15385.885,2197.984,42.654,255
1000_Dep_0011.jpg,8,17029.148,2128.643,47.21,252.808
1000_Dep_0011.jpg,8,16843.735,2105.467,46.696,255
1000_Dep_0012.jpg,8,14237.601,1779.7,39.471,251.87
1000_Dep_0012.jpg,8,13986.249,1748.281,38.774,255
1000_Dep_0013.jpg,11,13908.45,1264.405,38.558,250.64
1000_Dep_0013.jpg,11,13643.578,1240.325,37.824,255
1000_Dep_0014.jpg,11,13338.227,1212.566,36.977,253.489
1000_Dep_0014.jpg,11,13232.58,1202.962,36.684,255
1000_Dep_0015.jpg,6,15349.983,2558.33,42.554,251.769
1000_Dep_0015.jpg,6,15167.548,2527.925,42.049,255
1000_Dep_0016.jpg,5,5067.058,1013.412,14.047,254.845
1000_Dep_0016.jpg,5,5062.099,1012.42,14.034,255
Aug_1100_0001.jpg,7,17963.07,2566.153,49.799,254.328
Aug_1100_0001.jpg,7,17919.903,2559.986,49.679,255
Aug_1100_0002.jpg,9,14338.173,1593.13,39.749,254.282
Aug_1100_0002.jpg,9,14302.359,1589.151,39.65,255
Aug_1100_0003.jpg,8,17997.791,2249.724,49.895,251.958
Aug_1100_0003.jpg,8,17748.092,2218.511,49.203,255
Aug_1100_0004.jpg,9,15424.697,1713.855,42.762,250.028
Aug_1100_0004.jpg,9,15257.787,1695.31,42.299,255
Aug_1100_0005.jpg,8,14869.14,1858.642,41.221,253.406
Aug_1100_0005.jpg,8,14791.143,1848.893,41.005,255
Aug_1100_0006.jpg,9,15936.073,1770.675,44.179,250.102
Aug_1100_0006.jpg,9,15560.522,1728.947,43.138,255
Aug_1100_0007.jpg,8,14259.628,1782.453,39.532,245.652
Aug_1100_0007.jpg,8,13688.002,1711,37.947,255
Aug_1100_0008.jpg,10,15090.798,1509.08,41.836,254.016
Aug_1100_0008.jpg,10,15020.025,1502.003,41.64,255
Aug_1100_0009.jpg,7,18443.344,2634.763,51.13,251.706
Aug_1100_0009.jpg,7,18235.469,2605.067,50.554,255
Aug_1100_0010.jpg,9,17852.057,1983.562,49.491,251.679
Aug_1100_0010.jpg,9,17587.713,1954.19,48.758,255
Aug_1100_0011.jpg,8,16702.577,2087.822,46.304,253.231
Aug_1100_0011.jpg,8,16569.743,2071.218,45.936,255
Aug_1100_0012.jpg,8,17054.718,2131.84,47.281,251.865
Aug_1100_0012.jpg,8,16888.957,2111.12,46.821,255
Aug_1100_0013.jpg,7,11046.591,1578.084,30.624,250.384
Aug_1100_0013.jpg,7,10794.288,1542.041,29.925,255
Aug_1100_0014.jpg,8,14943.101,1867.888,41.427,251.918
Aug_1100_0014.jpg,8,14731.646,1841.456,40.84,255
Aug_1100_0015.jpg,10,16399.053,1639.905,45.463,253.298
Aug_1100_0015.jpg,10,16270.009,1627.001,45.105,255
Aug_1100_0016.jpg,2,5322.058,2661.029,14.754,253.463
Aug_1100_0016.jpg,2,5290.868,2645.434,14.668,255
1100_Ctl_0001.jpg,10,16260.273,1626.027,45.078,253.48
1100_Ctl_0001.jpg,10,16160.182,1616.018,44.801,255
1100_Ctl_0002.jpg,9,13792.435,1532.493,38.237,253.398
1100_Ctl_0002.jpg,9,13705.844,1522.872,37.996,255
1100_Ctl_0003.jpg,11,12967.72,1178.884,35.95,252.979
1100_Ctl_0003.jpg,11,12806.95,1164.268,35.504,255
1100_Ctl_0004.jpg,10,10198.168,1019.817,28.272,253.768
1100_Ctl_0004.jpg,10,10160.931,1016.093,28.169,255
1100_Ctl_0005.jpg,11,16186.252,1471.477,44.873,253.236
1100_Ctl_0005.jpg,11,16039.051,1458.096,44.465,255
1100_Ctl_0006.jpg,10,15982.859,1598.286,44.309,253.733
1100_Ctl_0006.jpg,10,15880.373,1588.037,44.025,255
1100_Ctl_0007.jpg,12,13910.228,1159.186,38.563,253.269
1100_Ctl_0007.jpg,12,13763.713,1146.976,38.157,255
1100_Ctl_0008.jpg,11,15153.713,1377.61,42.01,249.872
1100_Ctl_0008.jpg,11,14901.095,1354.645,41.31,255
1100_Ctl_0009.jpg,10,15142.035,1514.203,41.978,248.368
1100_Ctl_0009.jpg,10,14675.858,1467.586,40.686,255
1100_Ctl_0010.jpg,10,15957.402,1595.74,44.238,254.346
1100_Ctl_0010.jpg,10,15916.146,1591.615,44.124,255
1100_Ctl_0011.jpg,12,14217.993,1184.833,39.416,252.637
1100_Ctl_0011.jpg,12,14128.407,1177.367,39.168,255
1100_Ctl_0012.jpg,10,13498.11,1349.811,37.421,254.434
1100_Ctl_0012.jpg,10,13481.296,1348.13,37.374,255
1100_Ctl_0013.jpg,9,8821.233,980.137,24.455,254.318
1100_Ctl_0013.jpg,9,8804.963,978.329,24.41,255
1100_Dep_0001.jpg,8,16047.133,2005.892,44.487,253.367
1100_Dep_0001.jpg,8,15883.118,1985.39,44.032,255
1100_Dep_0002.jpg,9,15477.539,1719.727,42.908,254.104
1100_Dep_0002.jpg,9,15408.359,1712.04,42.716,255
1100_Dep_0003.jpg,9,14707.068,1634.119,40.772,254.762
1100_Dep_0003.jpg,9,14693.914,1632.657,40.736,255
1100_Dep_0004.jpg,8,17106.66,2138.333,47.425,251.038
1100_Dep_0004.jpg,8,16807.188,2100.898,46.594,255
1100_Dep_0005.jpg,10,16353.121,1635.312,45.335,251.519
1100_Dep_0005.jpg,10,15999.754,1599.975,44.356,255
1100_Dep_0006.jpg,9,14851.822,1650.202,41.173,252.803
1100_Dep_0006.jpg,9,14674.225,1630.469,40.681,255
1100_Dep_0007.jpg,9,17691.819,1965.758,49.047,253.769
1100_Dep_0007.jpg,9,17582.618,1953.624,48.744,255
1100_Dep_0008.jpg,9,15928.961,1769.885,44.16,253.864
1100_Dep_0008.jpg,9,15842.894,1760.322,43.921,255
1100_Dep_0009.jpg,8,16255.396,2031.924,45.065,254.084
1100_Dep_0009.jpg,8,16185.228,2023.153,44.87,255
1100_Dep_0010.jpg,10,16373.841,1637.384,45.393,253.062
1100_Dep_0010.jpg,10,16237.259,1623.726,45.014,255
1100_Dep_0011.jpg,9,14447.569,1605.285,40.053,253.883
1100_Dep_0011.jpg,9,14373.753,1597.084,39.848,255
1100_Dep_0012.jpg,9,16260.882,1806.765,45.08,253.429
1100_Dep_0012.jpg,9,16142.097,1793.566,44.75,255
1100_Dep_0013.jpg,9,14578.515,1619.835,40.416,251.799
1100_Dep_0013.jpg,9,14354.62,1594.958,39.795,255
1100_Dep_0014.jpg,7,17526.583,2503.798,48.589,253.998
1100_Dep_0014.jpg,7,17450.05,2492.864,48.376,255
1100_Dep_0015.jpg,7,17673.836,2524.834,48.997,252.367
1100_Dep_0015.jpg,7,17479.865,2497.124,48.459,255
1100_Dep_0016.jpg,9,17174.913,1908.324,47.614,254.114
1100_Dep_0016.jpg,9,17127.672,1903.075,47.483,255
Aug_1200_0001.jpg,5,15854.384,3170.877,43.953,254.618
Aug_1200_0001.jpg,5,15809.221,3161.844,43.828,255
Aug_1200_0002.jpg,9,14950.285,1661.143,41.446,253.016
Aug_1200_0002.jpg,9,14754.04,1639.338,40.902,255
Aug_1200_0003.jpg,9,16104.998,1789.444,44.648,252.587
Aug_1200_0003.jpg,9,15881.953,1764.661,44.029,255
Aug_1200_0004.jpg,9,14833.488,1648.165,41.123,254.583
Aug_1200_0004.jpg,9,14804.205,1644.912,41.041,255
Aug_1200_0005.jpg,6,15199.521,2533.253,42.137,254.806
Aug_1200_0005.jpg,6,15178.618,2529.77,42.079,255
Aug_1200_0006.jpg,9,16343.643,1815.96,45.309,254.273
Aug_1200_0006.jpg,9,16275.954,1808.439,45.122,255
Aug_1200_0007.jpg,6,14988.392,2498.065,41.552,253.243
Aug_1200_0007.jpg,6,14811.933,2468.655,41.063,255
Aug_1200_0008.jpg,8,16119.462,2014.933,44.688,254.77
Aug_1200_0008.jpg,8,16103.732,2012.966,44.644,255
Aug_1200_0009.jpg,9,14751.407,1639.045,40.895,251.618
Aug_1200_0009.jpg,9,14545.157,1616.129,40.323,255
Aug_1200_0011.jpg,8,15223.99,1902.999,42.205,249.262
Aug_1200_0011.jpg,8,14861.154,1857.644,41.199,255
Aug_1200_0012.jpg,9,15005.638,1667.293,41.6,251.054
Aug_1200_0012.jpg,9,14782.327,1642.481,40.981,255
Aug_1200_0013.jpg,9,14594.959,1621.662,40.461,251.414
Aug_1200_0013.jpg,9,14363.949,1595.994,39.821,255
Aug_1200_0014.jpg,9,13745.097,1527.233,38.105,252.617
Aug_1200_0014.jpg,9,13612.331,1512.481,37.737,255
Aug_1200_0015.jpg,9,8565.434,951.715,23.746,254.702
Aug_1200_0015.jpg,9,8553.792,950.421,23.714,255
Aug_1200_0016.jpg,4,21130.401,5282.6,64.464,246.554
Aug_1200_0016.jpg,4,20338.108,5084.527,62.046,255
Aug_1200_0017.jpg,6,21707.61,3617.935,60.18,253.974
Aug_1200_0017.jpg,6,21595.142,3599.19,59.868,255
Aug_1200_03.jpg,7,19673.352,2810.479,63.492,249.438
Aug_1200_03.jpg,7,19203.193,2743.313,61.975,255
Aug_1200_04.jpg,9,16940.989,1882.332,46.965,254.18
Aug_1200_04.jpg,9,16866.475,1874.053,46.759,255
Ctl_1200_0001.jpg,9,17947.356,1994.151,49.755,249.178
Ctl_1200_0001.jpg,9,17535.988,1948.443,48.615,255
Ctl_1200_0002.jpg,6,19843.483,3307.247,55.012,247.507
Ctl_1200_0002.jpg,6,19235.475,3205.912,53.326,255
Ctl_1200_0003.jpg,9,16099.805,1788.867,44.633,247.669
Ctl_1200_0003.jpg,9,15526.301,1725.145,43.043,255
Ctl_1200_0004.jpg,9,16744.038,1860.449,46.419,251.768
Ctl_1200_0004.jpg,9,16485.22,1831.691,45.702,255
Ctl_1200_0005.jpg,6,15726.355,2621.059,43.598,249.221
Ctl_1200_0005.jpg,6,15264.959,2544.16,42.319,255
Ctl_1200_0006.jpg,7,17572.156,2510.308,48.715,252.682
Ctl_1200_0006.jpg,7,17367.921,2481.132,48.149,255
Ctl_1200_0007.jpg,8,15793.262,1974.158,43.783,252.231
Ctl_1200_0007.jpg,8,15571.499,1946.437,43.169,255
Ctl_1200_0008.jpg,11,15173.365,1379.397,42.065,250.925
Ctl_1200_0008.jpg,11,14818.838,1347.167,41.082,255
Ctl_1200_0009.jpg,9,17660.702,1962.3,48.96,253.663
Ctl_1200_0009.jpg,9,17546.163,1949.574,48.643,255
Ctl_1200_0010.jpg,7,18092.134,2584.591,50.157,252.967
Ctl_1200_0010.jpg,7,17836.565,2548.081,49.448,255
Ctl_1200_0011.jpg,8,15716.487,1964.561,43.571,252.044
Ctl_1200_0011.jpg,8,15535.883,1941.985,43.07,255
Ctl_1200_0012.jpg,9,15332.902,1703.656,42.507,251.957
Ctl_1200_0012.jpg,9,15112.373,1679.153,41.896,255
Ctl_1200_0013.jpg,7,15372.029,2196.004,42.616,250.39
Ctl_1200_0013.jpg,7,15082.086,2154.584,41.812,255
Ctl_1200_0014.jpg,8,15857.105,1982.138,43.96,253.547
Ctl_1200_0014.jpg,8,15716.733,1964.592,43.571,255
Ctl_1200_0015.jpg,10,13911.123,1391.112,38.566,249.921
Ctl_1200_0015.jpg,10,13655.555,1365.555,37.857,255
Dep_1200_0001.jpg,5,18018.641,3603.728,49.953,253.509
Dep_1200_0001.jpg,5,17918.891,3583.778,49.676,255
Dep_1200_0002.jpg,8,15074.27,1884.284,41.79,254.083
Dep_1200_0002.jpg,8,15004.646,1875.581,41.597,255
Dep_1200_0003.jpg,6,16158.935,2693.156,44.797,252.088
Dep_1200_0003.jpg,6,15936.556,2656.093,44.181,255
Dep_1200_0004.jpg,5,17890.382,3578.076,49.597,252.503
Dep_1200_0004.jpg,5,17683.37,3536.674,49.023,255
Dep_1200_0005.jpg,8,14177.431,1772.179,39.304,251.574
Dep_1200_0005.jpg,8,13993.01,1749.126,38.793,255
Dep_1200_0006.jpg,6,17297.822,2882.97,47.954,247.878
Dep_1200_0006.jpg,6,16851.927,2808.654,46.718,255
Dep_1200_0007.jpg,6,17207.127,2867.855,47.703,253.096
Dep_1200_0007.jpg,6,17085.162,2847.527,47.365,255
Dep_1200_0008.jpg,8,18003.019,2250.377,49.909,253.665
Dep_1200_0008.jpg,8,17907.83,2238.479,49.646,255
Dep_1200_0009.jpg,8,18343.196,2292.899,50.853,253.248
Dep_1200_0009.jpg,8,18217.566,2277.196,50.504,255
Dep_1200_0010.jpg,7,16709.148,2387.021,46.322,254.346
Dep_1200_0010.jpg,7,16668.65,2381.236,46.21,255
Dep_1200_0011.jpg,10,14712.244,1471.224,40.787,251.711
Dep_1200_0011.jpg,10,14508.239,1450.824,40.221,255
Dep_1200_0012.jpg,7,16263.8,2323.4,45.088,250.375
Dep_1200_0012.jpg,7,15973.93,2281.99,44.284,255
Dep_1200_0013.jpg,10,16355.479,1635.548,45.342,254.764
Dep_1200_0013.jpg,10,16339.152,1633.915,45.297,255
Dep_1200_0014.jpg,7,15833.002,2261.857,43.894,252.814
Dep_1200_0014.jpg,7,15664.879,2237.84,43.427,255
Dep_1200_0015.jpg,9,12982.962,1442.551,35.992,252.93
Dep_1200_0015.jpg,9,12870.462,1430.051,35.681,255
Dep_1200_0016.jpg,8,15720.369,1965.046,43.581,254.84
Dep_1200_0016.jpg,8,15709.549,1963.694,43.551,255
Dep_1200_0017.jpg,9,15781.648,1753.516,43.751,253.862
Dep_1200_0017.jpg,9,15697.991,1744.221,43.519,255
Dep_1200_0018.jpg,7,15521.451,2217.35,43.03,249.166
Dep_1200_0018.jpg,7,15093.043,2156.149,41.842,255
Dep_1200_0019.jpg,8,17046.692,2130.836,47.258,253.427
Dep_1200_0019.jpg,8,16927.146,2115.893,46.927,255
Dep_1200_0020.jpg,9,12840.131,1426.681,35.596,253.823
Dep_1200_0020.jpg,9,12775.446,1419.494,35.417,255
Dep_1200_0021.jpg,9,14636.731,1626.303,40.577,252.086
Dep_1200_0021.jpg,9,14438.43,1604.27,40.027,255
Dep_1200_0022.jpg,7,16776.756,2396.679,46.51,253.976
Dep_1200_0022.jpg,7,16700.896,2385.842,46.3,255
